id,name,card_type,mana,colors,oracle_text,power,toughness,is_commander,is_partner,token_pools,starting_pile,image,background_image,background_color,back_image
06c595fa-55ff-46f3-afaf-17edae465864,"Splinter, the Mentor",Creature,{1}{B},Black,"Menace
Whenever Splinter or another nontoken creature you control leaves the battlefield, create a Mutagen token.
Partner—Character select (You can have two commanders if both have this ability.)",2,2,false,true,,deck,https://cards.scryfall.io/normal/front/0/6/06c595fa-55ff-46f3-afaf-17edae465864.jpg,https://storage.googleapis.com/archidekt-card-images/tmc/72e637db-7112-406f-809b-0eda248488b5_art_crop.jpg,#07130e,
bccdd54c-e64b-44d2-87b3-e80029672529,"Raphael, the Muscle",Creature,{4}{R},Red,"Double all damage that creatures you control with counters on them would deal.
When Raphael enters, create a Mutagen token.
Partner—Character select (You can have two commanders if both have this ability.)",4,4,false,true,,deck,https://cards.scryfall.io/normal/front/b/c/bccdd54c-e64b-44d2-87b3-e80029672529.jpg,https://storage.googleapis.com/archidekt-card-images/tmc/72e637db-7112-406f-809b-0eda248488b5_art_crop.jpg,#07130e,
bac2d744-db65-4b56-8634-c87fd00c090e,"Michelangelo, the Heart",Creature,{1}{G},Green,"Trample
Raid (the Fridge) — At the beginning of your second main phase, if you attacked this turn, put a +1/+1 counter on target creature and create a Food token.
Partner—Character select (You can have two commanders if both have this ability.)",2,1,false,true,,deck,https://cards.scryfall.io/normal/front/b/a/bac2d744-db65-4b56-8634-c87fd00c090e.jpg,https://storage.googleapis.com/archidekt-card-images/tmc/72e637db-7112-406f-809b-0eda248488b5_art_crop.jpg,#07130e,
2c99c472-8820-43d8-9dfa-508dc3d07478,Continue?,Instant,{1}{W},White,Choose up to four target creature cards in your graveyard that were put there from the battlefield this turn. Return them to the battlefield.,,,false,false,,deck,https://cards.scryfall.io/normal/front/2/c/2c99c472-8820-43d8-9dfa-508dc3d07478.jpg,https://storage.googleapis.com/archidekt-card-images/tmc/72e637db-7112-406f-809b-0eda248488b5_art_crop.jpg,#07130e,
387f6f60-69da-4965-9ab9-57bdb763a013,Endless Foot Assault,Enchantment,{2}{W},White,"Squad {1}{W} (As an additional cost to cast this spell, you may pay {1}{W} any number of times. When this enchantment enters, create that many tokens that are copies of it.)
Whenever you attack, for each opponent, create a 1/1 black Ninja creature token that's tapped and attacking that player.",,,false,false,,deck,https://cards.scryfall.io/normal/front/3/8/387f6f60-69da-4965-9ab9-57bdb763a013.jpg,https://storage.googleapis.com/archidekt-card-images/tmc/72e637db-7112-406f-809b-0eda248488b5_art_crop.jpg,#07130e,
7265ab42-5434-4127-acd6-8905ab63d62d,"April O'Neil, Live on the Scene",Creature,{1}{U},Blue,"Whenever a Mutant, Ninja, or Turtle you control enters, investigate. (Create a Clue token. It's an artifact with ""{2}, Sacrifice this token: Draw a card."")
Partner—Character select",2,1,false,true,,deck,https://cards.scryfall.io/normal/front/7/2/7265ab42-5434-4127-acd6-8905ab63d62d.jpg,https://storage.googleapis.com/archidekt-card-images/tmc/72e637db-7112-406f-809b-0eda248488b5_art_crop.jpg,#07130e,
f5ee290f-03cd-48a8-ba6e-d934cb3f4ff4,"Baxter, Fly in the Ointment",Creature,{3}{U},Blue,"Whenever Baxter enters or attacks, each creature you control with a counter on it gains flying until end of turn.
Whenever you draw a card, put a +1/+1 counter on Baxter.",2,2,false,false,,deck,https://cards.scryfall.io/normal/front/f/5/f5ee290f-03cd-48a8-ba6e-d934cb3f4ff4.jpg,https://storage.googleapis.com/archidekt-card-images/tmc/72e637db-7112-406f-809b-0eda248488b5_art_crop.jpg,#07130e,
c3128529-4ccd-4809-8388-03f7faa0eabe,"Irma, Part-Time Mutant",Creature,{2}{U},Blue,"At the beginning of combat on your turn, Irma becomes a copy of up to one other target creature you control, except her name is Irma, Part-Time Mutant and she has this ability. Then put a +1/+1 counter on her.",1,1,false,false,,deck,https://cards.scryfall.io/normal/front/c/3/c3128529-4ccd-4809-8388-03f7faa0eabe.jpg,https://storage.googleapis.com/archidekt-card-images/tmc/72e637db-7112-406f-809b-0eda248488b5_art_crop.jpg,#07130e,
796c1b1c-c701-4c7e-922b-0964f04e03a6,"Ray Fillet, Wave Warrior",Creature,{2}{U},Blue,"Flying
Evolve (Whenever a creature you control enters, if that creature has greater power or toughness than this creature, put a +1/+1 counter on this creature.)
Whenever a creature you control with a counter on it deals combat damage to a player, draw a card.",0,2,false,false,,deck,https://cards.scryfall.io/normal/front/7/9/796c1b1c-c701-4c7e-922b-0964f04e03a6.jpg,https://storage.googleapis.com/archidekt-card-images/tmc/72e637db-7112-406f-809b-0eda248488b5_art_crop.jpg,#07130e,
fe4ab58f-3fb5-45fa-8ea1-794efa6f7da9,Dimension X Pizzasaur,Creature,{3}{B},Black,"When this creature enters, put two +1/+1 counters on target creature. When you do, destroy up to one target creature with mana value less than or equal to the number of counters among permanents you control.
{2}, {T}, Sacrifice this creature: You gain 3 life and each opponent loses 3 life.",2,1,false,false,,deck,https://cards.scryfall.io/normal/front/f/e/fe4ab58f-3fb5-45fa-8ea1-794efa6f7da9.jpg,https://storage.googleapis.com/archidekt-card-images/tmc/72e637db-7112-406f-809b-0eda248488b5_art_crop.jpg,#07130e,
f1eb50a6-07e2-41de-b948-8075bba197ee,Game Over,Sorcery,{3}{B}{B},Black,"This spell costs {2} less to cast if a player's life total is less than or equal to half their starting life total.
Destroy all creatures.",,,false,false,,deck,https://cards.scryfall.io/normal/front/f/1/f1eb50a6-07e2-41de-b948-8075bba197ee.jpg,https://storage.googleapis.com/archidekt-card-images/tmc/72e637db-7112-406f-809b-0eda248488b5_art_crop.jpg,#07130e,
416d888d-2699-49bd-830b-bf5bda25c91f,"Casey Jones, Back Alley Brute",Creature,{3}{R},Red,"Menace
Whenever Casey Jones attacks, put a +1/+1 counter on target attacking creature.
Whenever you put one or more +1/+1 counters on a creature you control, Casey Jones deals that much damage to target opponent.",4,2,false,false,,deck,https://cards.scryfall.io/normal/front/4/1/416d888d-2699-49bd-830b-bf5bda25c91f.jpg,https://storage.googleapis.com/archidekt-card-images/tmc/72e637db-7112-406f-809b-0eda248488b5_art_crop.jpg,#07130e,
fe07512e-46c1-4f45-a06f-5875acaf8928,Fast Forward,Sorcery,{4}{R},Red,"This spell costs {1} less to cast for each opponent you attacked this turn.
Goad all creatures your opponents control. (Until your next turn, those creatures attack each combat if able and attack a player other than you if able.)",,,false,false,,deck,https://cards.scryfall.io/normal/front/f/e/fe07512e-46c1-4f45-a06f-5875acaf8928.jpg,https://storage.googleapis.com/archidekt-card-images/tmc/72e637db-7112-406f-809b-0eda248488b5_art_crop.jpg,#07130e,
600e2c3f-dfbd-4d5c-813a-47ae2d75ac12,Special Move,Instant,{2}{R},Red,"Choose two —
• Jump Kick — Destroy target artifact.
• Dash Attack — Put two +1/+1 counters on target attacking or blocking creature you control.
• Foot Toss — Target creature you control deals damage equal to its power to any other target. Then sacrifice it.",,,false,false,,deck,https://cards.scryfall.io/normal/front/6/0/600e2c3f-dfbd-4d5c-813a-47ae2d75ac12.jpg,https://storage.googleapis.com/archidekt-card-images/tmc/72e637db-7112-406f-809b-0eda248488b5_art_crop.jpg,#07130e,
b9077ef5-d19a-4106-950b-bb49b3b37510,High Score,Enchantment,{2}{G},Green,"If one or more +1/+1 counters would be put on a creature you control, that many plus one +1/+1 counters are put on it instead.
At the beginning of your end step, draw a card if you control a creature with the greatest power among creatures on the battlefield.",,,false,false,,deck,https://cards.scryfall.io/normal/front/b/9/b9077ef5-d19a-4106-950b-bb49b3b37510.jpg,https://storage.googleapis.com/archidekt-card-images/tmc/72e637db-7112-406f-809b-0eda248488b5_art_crop.jpg,#07130e,
9fbaabb5-e981-4cbf-888c-46449412711f,"Lita, Little Orphan Amphibian",Creature,{1}{W},White,"Alliance — Whenever another creature you control enters, choose one that hasn't been chosen this turn.
• Put a +1/+1 counter on Lita.
• Create a Food token. (It's an artifact with ""{2}, {T}, Sacrifice this token: You gain 3 life."")
• Scry 1.",2,1,false,false,,deck,https://cards.scryfall.io/normal/front/9/f/9fbaabb5-e981-4cbf-888c-46449412711f.jpg,https://storage.googleapis.com/archidekt-card-images/tmc/72e637db-7112-406f-809b-0eda248488b5_art_crop.jpg,#07130e,
c2164204-120c-4dff-86ac-46ca9012ccd9,"Mona Lisa, Science Geek",Creature,{2}{G},Green,"Reach
{T}: Add X mana of any one color, where X is Mona Lisa's power.",1,3,false,false,,deck,https://cards.scryfall.io/normal/front/c/2/c2164204-120c-4dff-86ac-46ca9012ccd9.jpg,https://storage.googleapis.com/archidekt-card-images/tmc/72e637db-7112-406f-809b-0eda248488b5_art_crop.jpg,#07130e,
0f886117-aff3-4db7-9cf5-7cbe94c8cd02,Lessons from Life,Sorcery,{2}{G}{U},GreenBlue,Draw three cards. You may put a land card from your hand onto the battlefield tapped.,,,false,false,,deck,https://cards.scryfall.io/normal/front/0/f/0f886117-aff3-4db7-9cf5-7cbe94c8cd02.jpg,https://storage.googleapis.com/archidekt-card-images/tmc/72e637db-7112-406f-809b-0eda248488b5_art_crop.jpg,#07130e,
5df90940-15ea-418c-8547-6c75d69ec6d3,Escape Tunnel,Land,,,"{T}, Sacrifice this land: Search your library for a basic land card, put it onto the battlefield tapped, then shuffle.
{T}, Sacrifice this land: Target creature with power 2 or less can't be blocked this turn.",,,false,false,,deck,https://cards.scryfall.io/normal/front/5/d/5df90940-15ea-418c-8547-6c75d69ec6d3.jpg,https://storage.googleapis.com/archidekt-card-images/tmc/72e637db-7112-406f-809b-0eda248488b5_art_crop.jpg,#07130e,
c50c4580-979b-4863-86b9-16e258198972,Turtle Lair,Land,,,"{T}: Add {C}.
{T}: Add one mana of any color. Spend this mana only to cast a Ninja or Turtle spell.
{3}, {T}: Target Ninja or Turtle can't be blocked this turn.",,,false,false,,deck,https://cards.scryfall.io/normal/front/c/5/c50c4580-979b-4863-86b9-16e258198972.jpg,https://storage.googleapis.com/archidekt-card-images/tmc/72e637db-7112-406f-809b-0eda248488b5_art_crop.jpg,#07130e,
4824ad7c-e533-4357-b486-9e908721db65,Cultivate,Sorcery,{2}{G},Green,"Search your library for up to two basic land cards, reveal those cards, put one onto the battlefield tapped and the other into your hand, then shuffle.",,,false,false,,deck,https://cards.scryfall.io/normal/front/4/8/4824ad7c-e533-4357-b486-9e908721db65.jpg,https://storage.googleapis.com/archidekt-card-images/tmc/72e637db-7112-406f-809b-0eda248488b5_art_crop.jpg,#07130e,
049ca0ff-0ca4-44f7-b144-731cf453afa9,Arcane Signet,Artifact,{2},,{T}: Add one mana of any color in your commander's color identity.,,,false,false,,deck,https://cards.scryfall.io/normal/front/0/4/049ca0ff-0ca4-44f7-b144-731cf453afa9.jpg,https://storage.googleapis.com/archidekt-card-images/tmc/72e637db-7112-406f-809b-0eda248488b5_art_crop.jpg,#07130e,
14dbce79-1fcc-4cc9-bf38-7729e44a411e,Sol Ring,Artifact,{1},,{T}: Add {C}{C}.,,,false,false,,deck,https://cards.scryfall.io/normal/front/1/4/14dbce79-1fcc-4cc9-bf38-7729e44a411e.jpg,https://storage.googleapis.com/archidekt-card-images/tmc/72e637db-7112-406f-809b-0eda248488b5_art_crop.jpg,#07130e,
e8510205-4baa-4f1c-bf64-5d931e2ddf48,Ash Barrens,Land,,,"{T}: Add {C}.
Basic landcycling {1} ({1}, Discard this card: Search your library for a basic land card, reveal it, put it into your hand, then shuffle.)",,,false,false,,deck,https://cards.scryfall.io/normal/front/e/8/e8510205-4baa-4f1c-bf64-5d931e2ddf48.jpg,https://storage.googleapis.com/archidekt-card-images/tmc/72e637db-7112-406f-809b-0eda248488b5_art_crop.jpg,#07130e,
4d51a621-be31-4b74-8e0b-3958180a8bc5,Command Tower,Land,,,{T}: Add one mana of any color in your commander's color identity.,,,false,false,,deck,https://cards.scryfall.io/normal/front/4/d/4d51a621-be31-4b74-8e0b-3958180a8bc5.jpg,https://storage.googleapis.com/archidekt-card-images/tmc/72e637db-7112-406f-809b-0eda248488b5_art_crop.jpg,#07130e,
a30f5555-2fbe-4c88-9e4f-1f2e81ea6cfd,Evolving Wilds,Land,,,"{T}, Sacrifice this land: Search your library for a basic land card, put it onto the battlefield tapped, then shuffle.",,,false,false,,deck,https://cards.scryfall.io/normal/front/a/3/a30f5555-2fbe-4c88-9e4f-1f2e81ea6cfd.jpg,https://storage.googleapis.com/archidekt-card-images/tmc/72e637db-7112-406f-809b-0eda248488b5_art_crop.jpg,#07130e,
d4c1c9ba-d930-435c-8978-f10a2adb3d4c,Path of Ancestry,Land,,,"This land enters tapped.
{T}: Add one mana of any color in your commander's color identity. When that mana is spent to cast a creature spell that shares a creature type with your commander, scry 1. (Look at the top card of your library. You may put that card on the bottom.)",,,false,false,,deck,https://cards.scryfall.io/normal/front/d/4/d4c1c9ba-d930-435c-8978-f10a2adb3d4c.jpg,https://storage.googleapis.com/archidekt-card-images/tmc/72e637db-7112-406f-809b-0eda248488b5_art_crop.jpg,#07130e,
26cb32c5-83b8-4288-ae2d-788cdc4e6445,Thriving Grove,Land,,,"This land enters tapped. As it enters, choose a color other than green.
{T}: Add {G} or one mana of the chosen color.",,,false,false,,deck,https://cards.scryfall.io/normal/front/2/6/26cb32c5-83b8-4288-ae2d-788cdc4e6445.jpg,https://storage.googleapis.com/archidekt-card-images/tmc/72e637db-7112-406f-809b-0eda248488b5_art_crop.jpg,#07130e,
b5e7cdb4-7b4d-4c6c-b016-d6cd3f9a04f2,Vibrant Cityscape,Land,,,"{T}, Sacrifice this land: Search your library for a basic land card, put it onto the battlefield tapped, then shuffle.",,,false,false,,deck,https://cards.scryfall.io/normal/front/b/5/b5e7cdb4-7b4d-4c6c-b016-d6cd3f9a04f2.jpg,https://storage.googleapis.com/archidekt-card-images/tmc/72e637db-7112-406f-809b-0eda248488b5_art_crop.jpg,#07130e,
2dfe1926-c0d5-40a2-b1aa-988524aefc31-1,Plains,Land,,,({T}: Add {W}.),,,false,false,,deck,https://cards.scryfall.io/normal/front/2/d/2dfe1926-c0d5-40a2-b1aa-988524aefc31.jpg,https://storage.googleapis.com/archidekt-card-images/tmc/72e637db-7112-406f-809b-0eda248488b5_art_crop.jpg,#07130e,
2dfe1926-c0d5-40a2-b1aa-988524aefc31-2,Plains,Land,,,({T}: Add {W}.),,,false,false,,deck,https://cards.scryfall.io/normal/front/2/d/2dfe1926-c0d5-40a2-b1aa-988524aefc31.jpg,https://storage.googleapis.com/archidekt-card-images/tmc/72e637db-7112-406f-809b-0eda248488b5_art_crop.jpg,#07130e,
e43ac31a-942e-4871-be29-426e19e52701-1,Swamp,Land,,,({T}: Add {B}.),,,false,false,,deck,https://cards.scryfall.io/normal/front/e/4/e43ac31a-942e-4871-be29-426e19e52701.jpg,https://storage.googleapis.com/archidekt-card-images/tmc/72e637db-7112-406f-809b-0eda248488b5_art_crop.jpg,#07130e,
e43ac31a-942e-4871-be29-426e19e52701-2,Swamp,Land,,,({T}: Add {B}.),,,false,false,,deck,https://cards.scryfall.io/normal/front/e/4/e43ac31a-942e-4871-be29-426e19e52701.jpg,https://storage.googleapis.com/archidekt-card-images/tmc/72e637db-7112-406f-809b-0eda248488b5_art_crop.jpg,#07130e,
3b84ec1e-ccce-4b8b-9302-b26f84cfa469-1,Forest,Land,,,({T}: Add {G}.),,,false,false,,deck,https://cards.scryfall.io/normal/front/3/b/3b84ec1e-ccce-4b8b-9302-b26f84cfa469.jpg,https://storage.googleapis.com/archidekt-card-images/tmc/72e637db-7112-406f-809b-0eda248488b5_art_crop.jpg,#07130e,
3b84ec1e-ccce-4b8b-9302-b26f84cfa469-2,Forest,Land,,,({T}: Add {G}.),,,false,false,,deck,https://cards.scryfall.io/normal/front/3/b/3b84ec1e-ccce-4b8b-9302-b26f84cfa469.jpg,https://storage.googleapis.com/archidekt-card-images/tmc/72e637db-7112-406f-809b-0eda248488b5_art_crop.jpg,#07130e,
3b84ec1e-ccce-4b8b-9302-b26f84cfa469-3,Forest,Land,,,({T}: Add {G}.),,,false,false,,deck,https://cards.scryfall.io/normal/front/3/b/3b84ec1e-ccce-4b8b-9302-b26f84cfa469.jpg,https://storage.googleapis.com/archidekt-card-images/tmc/72e637db-7112-406f-809b-0eda248488b5_art_crop.jpg,#07130e,
3b84ec1e-ccce-4b8b-9302-b26f84cfa469-4,Forest,Land,,,({T}: Add {G}.),,,false,false,,deck,https://cards.scryfall.io/normal/front/3/b/3b84ec1e-ccce-4b8b-9302-b26f84cfa469.jpg,https://storage.googleapis.com/archidekt-card-images/tmc/72e637db-7112-406f-809b-0eda248488b5_art_crop.jpg,#07130e,
af2a1494-9c0d-4590-999b-2c52725dc5d0,"Bebop, Skull & Crossbones",Creature,{1}{B},Black,"Partner with Rocksteady, Mutant Marauder (When this creature enters, target player may put Rocksteady into their hand from their library, then shuffle.)
Deathtouch
Whenever Bebop deals combat damage to a player, you may draw X cards, where X is the number of counters on Bebop. If you do, you lose X life.",2,1,false,true,,deck,https://cards.scryfall.io/normal/front/a/f/af2a1494-9c0d-4590-999b-2c52725dc5d0.jpg,https://storage.googleapis.com/archidekt-card-images/tmc/72e637db-7112-406f-809b-0eda248488b5_art_crop.jpg,#07130e,
d4398907-17d2-4fad-bfa9-56925fb75834,Level Up,Enchantment,{1}{G},Green,"Enchant creature
When this Aura enters, put a +1/+1 counter on enchanted creature.
Enchanted creature has ""Whenever this creature attacks, double the number of +1/+1 counters on it. Then if it has power 10 or greater, draw a card.""",,,false,false,,deck,https://cards.scryfall.io/normal/front/d/4/d4398907-17d2-4fad-bfa9-56925fb75834.jpg,https://storage.googleapis.com/archidekt-card-images/tmc/72e637db-7112-406f-809b-0eda248488b5_art_crop.jpg,#07130e,
74c24ff9-d3d2-4ffb-bf8b-dba803481a99,Ninja Pizza,Enchantment,{2}{G},Green,"Foods you control have ""{T}, Sacrifice this artifact: Add one mana of any color.""
At the beginning of your second main phase, create a Food token. (It's an artifact with ""{2}, {T}, Sacrifice this token: You gain 3 life."")",,,false,false,,deck,https://cards.scryfall.io/normal/front/7/4/74c24ff9-d3d2-4ffb-bf8b-dba803481a99.jpg,https://storage.googleapis.com/archidekt-card-images/tmc/72e637db-7112-406f-809b-0eda248488b5_art_crop.jpg,#07130e,
ae25d91f-5489-4cd8-8634-42bcd32d4cf1,"Rocksteady, Mutant Marauder",Creature,{2}{G},Green,"Partner with Bebop, Skull & Crossbones (When this creature enters, target player may put Bebop into their hand from their library, then shuffle.)
Trample
Whenever another nontoken creature you control enters, put a +1/+1 counter on target creature.",3,3,false,true,,deck,https://cards.scryfall.io/normal/front/a/e/ae25d91f-5489-4cd8-8634-42bcd32d4cf1.jpg,https://storage.googleapis.com/archidekt-card-images/tmc/72e637db-7112-406f-809b-0eda248488b5_art_crop.jpg,#07130e,
c0b94a92-48d5-4d08-a8fa-6f3a992db941,Double Jump // Flying Kick,Instant,{1}{U} // {1}{R},RedBlue,,,,false,false,,deck,https://cards.scryfall.io/normal/front/c/0/c0b94a92-48d5-4d08-a8fa-6f3a992db941.jpg,https://storage.googleapis.com/archidekt-card-images/tmc/72e637db-7112-406f-809b-0eda248488b5_art_crop.jpg,#07130e,
b2fd1df8-cc67-4209-af9d-5cf18c68cca9,Arcade Cabinet,Artifact,{3},,"When this artifact enters, put a +1/+1 counter on each of up to four target creatures.
{2}, {T}, Sacrifice a token: Double the number of each kind of counter on target creature.",,,false,false,,deck,https://cards.scryfall.io/normal/front/b/2/b2fd1df8-cc67-4209-af9d-5cf18c68cca9.jpg,https://storage.googleapis.com/archidekt-card-images/tmc/72e637db-7112-406f-809b-0eda248488b5_art_crop.jpg,#07130e,
ca053574-2ac9-4814-955d-87a97e0aca7e,Coin of Mastery,Artifact,{4},,"Each creature you control enters with an additional +1/+1 counter on it for each mana from an artifact source spent to cast it.
{T}: Create a Treasure token. (It's an artifact with ""{T}, Sacrifice this token: Add one mana of any color."")",,,false,false,,deck,https://cards.scryfall.io/normal/front/c/a/ca053574-2ac9-4814-955d-87a97e0aca7e.jpg,https://storage.googleapis.com/archidekt-card-images/tmc/72e637db-7112-406f-809b-0eda248488b5_art_crop.jpg,#07130e,
dee26c1c-f890-46ca-81bb-2bd63fa691c9,Exploding Barrel,Artifact,{3},,"{T}: Add one mana of any color. Put a pressure counter on this artifact.
{8}, {T}, Sacrifice this artifact: It deals 20 damage to target creature. This ability costs {1} less to activate for each pressure counter on this artifact. Activate only as a sorcery.",,,false,false,,deck,https://cards.scryfall.io/normal/front/d/e/dee26c1c-f890-46ca-81bb-2bd63fa691c9.jpg,https://storage.googleapis.com/archidekt-card-images/tmc/72e637db-7112-406f-809b-0eda248488b5_art_crop.jpg,#07130e,
3fc23e7a-5059-4c8d-85bd-224f4c1bfc1c,Roadkill Rodney,Creature,{2},,"Squad {3} (As an additional cost to cast this spell, you may pay {3} any number of times. When this creature enters, create that many tokens that are copies of it.)
Deathtouch
Whenever this creature deals combat damage to a player, create a Mutagen token.",2,1,false,false,,deck,https://cards.scryfall.io/normal/front/3/f/3fc23e7a-5059-4c8d-85bd-224f4c1bfc1c.jpg,https://storage.googleapis.com/archidekt-card-images/tmc/72e637db-7112-406f-809b-0eda248488b5_art_crop.jpg,#07130e,
b9cc16f9-fea3-4527-9b81-3c84ce9c5e01,"Big Apple, 3 a.m.",Land,,,"This land enters tapped. As it enters, choose a color.
{T}: Add one mana of the chosen color.
{5}, {T}: Create a 1/1 black Rat creature token for each opponent you have.",,,false,false,,deck,https://cards.scryfall.io/normal/front/b/9/b9cc16f9-fea3-4527-9b81-3c84ce9c5e01.jpg,https://storage.googleapis.com/archidekt-card-images/tmc/72e637db-7112-406f-809b-0eda248488b5_art_crop.jpg,#07130e,
f356522c-018d-43c7-988a-9ef9829ae75c,Hidden Hideout,Land,,,"This land enters tapped.
{T}: Add one mana of any color in your commander's color identity.
{2}, {T}: Target creature you control with a counter on it gains lifelink until end of turn.",,,false,false,,deck,https://cards.scryfall.io/normal/front/f/3/f356522c-018d-43c7-988a-9ef9829ae75c.jpg,https://storage.googleapis.com/archidekt-card-images/tmc/72e637db-7112-406f-809b-0eda248488b5_art_crop.jpg,#07130e,
1b19f82a-9724-41b1-934d-a8ec1493587b,Together Forever,Enchantment,{W}{W},White,"When this enchantment enters, support 2. (Put a +1/+1 counter on each of up to two target creatures.)
{1}: Choose target creature with a counter on it. When that creature dies this turn, return that card to its owner's hand.",,,false,false,,deck,https://cards.scryfall.io/normal/front/1/b/1b19f82a-9724-41b1-934d-a8ec1493587b.jpg,https://storage.googleapis.com/archidekt-card-images/tmc/72e637db-7112-406f-809b-0eda248488b5_art_crop.jpg,#07130e,
8fb141d9-addd-47ad-bfc1-b5b376d4c950,Wave Goodbye,Sorcery,{2}{U}{U},Blue,Return each creature without a +1/+1 counter on it to its owner's hand.,,,false,false,,deck,https://cards.scryfall.io/normal/front/8/f/8fb141d9-addd-47ad-bfc1-b5b376d4c950.jpg,https://storage.googleapis.com/archidekt-card-images/tmc/72e637db-7112-406f-809b-0eda248488b5_art_crop.jpg,#07130e,
dc6c4337-7d3e-4700-9473-26185c109166,Blasphemous Act,Sorcery,{8}{R},Red,"This spell costs {1} less to cast for each creature on the battlefield.
Blasphemous Act deals 13 damage to each creature.",,,false,false,,deck,https://cards.scryfall.io/normal/front/d/c/dc6c4337-7d3e-4700-9473-26185c109166.jpg,https://storage.googleapis.com/archidekt-card-images/tmc/72e637db-7112-406f-809b-0eda248488b5_art_crop.jpg,#07130e,
6952b1c3-2a18-4ad5-8130-861fce1cb422,Vigor,Creature,{3}{G}{G}{G},Green,"Trample
If damage would be dealt to another creature you control, prevent that damage. Put a +1/+1 counter on that creature for each 1 damage prevented this way.
When Vigor is put into a graveyard from anywhere, shuffle it into its owner's library.",6,6,false,false,,deck,https://cards.scryfall.io/normal/front/6/9/6952b1c3-2a18-4ad5-8130-861fce1cb422.jpg,https://storage.googleapis.com/archidekt-card-images/tmc/72e637db-7112-406f-809b-0eda248488b5_art_crop.jpg,#07130e,
932efc19-9bfd-4501-a623-ff6765a356d8,Assassin's Trophy,Instant,{B}{G},GreenBlack,"Destroy target permanent an opponent controls. Its controller may search their library for a basic land card, put it onto the battlefield, then shuffle.",,,false,false,,deck,https://cards.scryfall.io/normal/front/9/3/932efc19-9bfd-4501-a623-ff6765a356d8.jpg,https://storage.googleapis.com/archidekt-card-images/tmc/72e637db-7112-406f-809b-0eda248488b5_art_crop.jpg,#07130e,
45f13a94-c693-4a3b-a0bb-f18ae9fb1ca0,Cinder Glade,Land,,,"({T}: Add {R} or {G}.)
This land enters tapped unless you control two or more basic lands.",,,false,false,,deck,https://cards.scryfall.io/normal/front/4/5/45f13a94-c693-4a3b-a0bb-f18ae9fb1ca0.jpg,https://storage.googleapis.com/archidekt-card-images/tmc/72e637db-7112-406f-809b-0eda248488b5_art_crop.jpg,#07130e,
c21565d0-fc40-4d89-9b27-87c03385e0af,City of Brass,Land,,,"Whenever this land becomes tapped, it deals 1 damage to you.
{T}: Add one mana of any color.",,,false,false,,deck,https://cards.scryfall.io/normal/front/c/2/c21565d0-fc40-4d89-9b27-87c03385e0af.jpg,https://storage.googleapis.com/archidekt-card-images/tmc/72e637db-7112-406f-809b-0eda248488b5_art_crop.jpg,#07130e,
897976cb-a242-493e-b215-843bcdb6b44d,Dragonskull Summit,Land,,,"This land enters tapped unless you control a Swamp or a Mountain.
{T}: Add {B} or {R}.",,,false,false,,deck,https://cards.scryfall.io/normal/front/8/9/897976cb-a242-493e-b215-843bcdb6b44d.jpg,https://storage.googleapis.com/archidekt-card-images/tmc/72e637db-7112-406f-809b-0eda248488b5_art_crop.jpg,#07130e,
ac9d97ef-a64b-43ef-8e4d-f3ebe46d9932,Exotic Orchard,Land,,,{T}: Add one mana of any color that a land an opponent controls could produce.,,,false,false,,deck,https://cards.scryfall.io/normal/front/a/c/ac9d97ef-a64b-43ef-8e4d-f3ebe46d9932.jpg,https://storage.googleapis.com/archidekt-card-images/tmc/72e637db-7112-406f-809b-0eda248488b5_art_crop.jpg,#07130e,
7c787c6b-b6c7-47a0-8f8d-761629f5568e,Fabled Passage,Land,,,"{T}, Sacrifice this land: Search your library for a basic land card, put it onto the battlefield tapped, then shuffle. Then if you control four or more lands, untap that land.",,,false,false,,deck,https://cards.scryfall.io/normal/front/7/c/7c787c6b-b6c7-47a0-8f8d-761629f5568e.jpg,https://storage.googleapis.com/archidekt-card-images/tmc/72e637db-7112-406f-809b-0eda248488b5_art_crop.jpg,#07130e,
b07eb189-559a-4cd5-95ac-f6612fd11cf1,Grand Coliseum,Land,,,"This land enters tapped.
{T}: Add {C}.
{T}: Add one mana of any color. This land deals 1 damage to you.",,,false,false,,deck,https://cards.scryfall.io/normal/front/b/0/b07eb189-559a-4cd5-95ac-f6612fd11cf1.jpg,https://storage.googleapis.com/archidekt-card-images/tmc/72e637db-7112-406f-809b-0eda248488b5_art_crop.jpg,#07130e,
7598a728-796b-4b82-b269-217ecca44c2c,Hinterland Harbor,Land,,,"This land enters tapped unless you control a Forest or an Island.
{T}: Add {G} or {U}.",,,false,false,,deck,https://cards.scryfall.io/normal/front/7/5/7598a728-796b-4b82-b269-217ecca44c2c.jpg,https://storage.googleapis.com/archidekt-card-images/tmc/72e637db-7112-406f-809b-0eda248488b5_art_crop.jpg,#07130e,
70e5e700-b215-4a55-ae96-04e9f886cad1,Rain-Slicked Copse,Land,,,"({T}: Add {G} or {U}.)
This land enters tapped.
Cycling {2} ({2}, Discard this card: Draw a card.)",,,false,false,,deck,https://cards.scryfall.io/normal/front/7/0/70e5e700-b215-4a55-ae96-04e9f886cad1.jpg,https://storage.googleapis.com/archidekt-card-images/tmc/72e637db-7112-406f-809b-0eda248488b5_art_crop.jpg,#07130e,
f01bb3fd-14c6-47cb-aba3-e3069da56c9f,Rootbound Crag,Land,,,"This land enters tapped unless you control a Mountain or a Forest.
{T}: Add {R} or {G}.",,,false,false,,deck,https://cards.scryfall.io/normal/front/f/0/f01bb3fd-14c6-47cb-aba3-e3069da56c9f.jpg,https://storage.googleapis.com/archidekt-card-images/tmc/72e637db-7112-406f-809b-0eda248488b5_art_crop.jpg,#07130e,
a4746e54-974a-4743-ab9b-a9e49034b16d,Smoldering Marsh,Land,,,"({T}: Add {B} or {R}.)
This land enters tapped unless you control two or more basic lands.",,,false,false,,deck,https://cards.scryfall.io/normal/front/a/4/a4746e54-974a-4743-ab9b-a9e49034b16d.jpg,https://storage.googleapis.com/archidekt-card-images/tmc/72e637db-7112-406f-809b-0eda248488b5_art_crop.jpg,#07130e,
0b5e219b-28fa-40e3-8afb-355ae767326d,Sodden Verdure,Land,,,"({T}: Add {G} or {U}.)
This land enters tapped unless you control two or more basic lands.",,,false,false,,deck,https://cards.scryfall.io/normal/front/0/b/0b5e219b-28fa-40e3-8afb-355ae767326d.jpg,https://storage.googleapis.com/archidekt-card-images/tmc/72e637db-7112-406f-809b-0eda248488b5_art_crop.jpg,#07130e,
48444c3e-2068-4961-a9cd-9398052e5bd6,Spire Garden,Land,,,"This land enters tapped unless you have two or more opponents.
{T}: Add {R} or {G}.",,,false,false,,deck,https://cards.scryfall.io/normal/front/4/8/48444c3e-2068-4961-a9cd-9398052e5bd6.jpg,https://storage.googleapis.com/archidekt-card-images/tmc/72e637db-7112-406f-809b-0eda248488b5_art_crop.jpg,#07130e,
7ab0a5f2-5260-403d-9522-954efc91e96d,Sunken Hollow,Land,,,"({T}: Add {U} or {B}.)
This land enters tapped unless you control two or more basic lands.",,,false,false,,deck,https://cards.scryfall.io/normal/front/7/a/7ab0a5f2-5260-403d-9522-954efc91e96d.jpg,https://storage.googleapis.com/archidekt-card-images/tmc/72e637db-7112-406f-809b-0eda248488b5_art_crop.jpg,#07130e,
f25aa8aa-e2f7-4634-8a96-2082e76c6503,Undergrowth Stadium,Land,,,"This land enters tapped unless you have two or more opponents.
{T}: Add {B} or {G}.",,,false,false,,deck,https://cards.scryfall.io/normal/front/f/2/f25aa8aa-e2f7-4634-8a96-2082e76c6503.jpg,https://storage.googleapis.com/archidekt-card-images/tmc/72e637db-7112-406f-809b-0eda248488b5_art_crop.jpg,#07130e,
ba8f92ec-cd84-4958-9b31-b89598cb274d,Vernal Fen,Land,,,"({T}: Add {B} or {G}.)
This land enters tapped unless you control two or more basic lands.",,,false,false,,deck,https://cards.scryfall.io/normal/front/b/a/ba8f92ec-cd84-4958-9b31-b89598cb274d.jpg,https://storage.googleapis.com/archidekt-card-images/tmc/72e637db-7112-406f-809b-0eda248488b5_art_crop.jpg,#07130e,
836f371b-34f5-40e8-a806-e457841e5bc7-1,Island,Land,,,({T}: Add {U}.),,,false,false,,deck,https://cards.scryfall.io/normal/front/8/3/836f371b-34f5-40e8-a806-e457841e5bc7.jpg,https://storage.googleapis.com/archidekt-card-images/tmc/72e637db-7112-406f-809b-0eda248488b5_art_crop.jpg,#07130e,
836f371b-34f5-40e8-a806-e457841e5bc7-2,Island,Land,,,({T}: Add {U}.),,,false,false,,deck,https://cards.scryfall.io/normal/front/8/3/836f371b-34f5-40e8-a806-e457841e5bc7.jpg,https://storage.googleapis.com/archidekt-card-images/tmc/72e637db-7112-406f-809b-0eda248488b5_art_crop.jpg,#07130e,
021fa322-f38c-4d94-8122-5b13425106d9-1,Mountain,Land,,,({T}: Add {R}.),,,false,false,,deck,https://cards.scryfall.io/normal/front/0/2/021fa322-f38c-4d94-8122-5b13425106d9.jpg,https://storage.googleapis.com/archidekt-card-images/tmc/72e637db-7112-406f-809b-0eda248488b5_art_crop.jpg,#07130e,
021fa322-f38c-4d94-8122-5b13425106d9-2,Mountain,Land,,,({T}: Add {R}.),,,false,false,,deck,https://cards.scryfall.io/normal/front/0/2/021fa322-f38c-4d94-8122-5b13425106d9.jpg,https://storage.googleapis.com/archidekt-card-images/tmc/72e637db-7112-406f-809b-0eda248488b5_art_crop.jpg,#07130e,
18477047-218d-4b2a-a086-37431b6a3025,"Michelangelo, Weirdness to 11",Creature,{1}{G},Green,"When Michelangelo enters, create a Mutagen token. (It's an artifact with ""{1}, {T}, Sacrifice this token: Put a +1/+1 counter on target creature. Activate only as a sorcery."")
If one or more +1/+1 counters would be put on a creature you control, that many plus one +1/+1 counters are put on it instead.",1,1,false,false,,deck,https://cards.scryfall.io/normal/front/1/8/18477047-218d-4b2a-a086-37431b6a3025.jpg,https://storage.googleapis.com/archidekt-card-images/tmc/72e637db-7112-406f-809b-0eda248488b5_art_crop.jpg,#07130e,
e7843a8a-a8d8-4236-a05d-287fad0a74b1,Rhythm of the Wild,Enchantment,{1}{R}{G},GreenRed,"Creature spells you control can't be countered.
Nontoken creatures you control have riot. (They enter with your choice of a +1/+1 counter or haste.)",,,false,false,,deck,https://cards.scryfall.io/normal/front/e/7/e7843a8a-a8d8-4236-a05d-287fad0a74b1.jpg,https://storage.googleapis.com/archidekt-card-images/tmc/72e637db-7112-406f-809b-0eda248488b5_art_crop.jpg,#07130e,
7d9681a6-1c22-41ee-8437-22baafbf8e4b,All Will Be One,Enchantment,{3}{R}{R},Red,"Whenever you put one or more counters on a permanent or player, this enchantment deals that much damage to target opponent, creature an opponent controls, or planeswalker an opponent controls.",,,false,false,,deck,https://cards.scryfall.io/normal/front/7/d/7d9681a6-1c22-41ee-8437-22baafbf8e4b.jpg,https://storage.googleapis.com/archidekt-card-images/tmc/72e637db-7112-406f-809b-0eda248488b5_art_crop.jpg,#07130e,
7df26085-eedb-4bdd-a60a-aabfbe9c3157,Genghis Frog,Creature,{G}{U},GreenBlue,"Trample
Whenever Genghis Frog or another Mutant you control enters, create a Mutagen token. (It's an artifact with ""{1}, {T}, Sacrifice this token: Put a +1/+1 counter on target creature. Activate only as a sorcery."")",1,3,false,false,,deck,https://cards.scryfall.io/normal/front/7/d/7df26085-eedb-4bdd-a60a-aabfbe9c3157.jpg,https://storage.googleapis.com/archidekt-card-images/tmc/72e637db-7112-406f-809b-0eda248488b5_art_crop.jpg,#07130e,
ccc2a4e6-f505-4040-9d8a-c7b8e1a2b55e,Heroes in a Half Shell,Creature,{W}{U}{B}{R}{G},WhiteGreenRedBlackBlue,"Vigilance, menace, trample, haste
Whenever one or more Mutants, Ninjas, and/or Turtles you control deal combat damage to a player, put a +1/+1 counter on each of those creatures and draw a card.",5,5,false,false,,deck,https://cards.scryfall.io/normal/front/c/c/ccc2a4e6-f505-4040-9d8a-c7b8e1a2b55e.jpg,https://storage.googleapis.com/archidekt-card-images/tmc/72e637db-7112-406f-809b-0eda248488b5_art_crop.jpg,#07130e,
bab93474-2f98-49a1-874f-b794bf81bd0c,Dark Leo & Shredder,Creature,{W}{B},WhiteBlack,"Sneak {W}{B}
Attacking Ninjas you control have deathtouch.
Whenever Dark Leo & Shredder deal combat damage to a player, create a 1/1 black Ninja creature token. Then if you control five or more Ninjas, that player loses half their life, rounded up.",1,3,false,false,,deck,https://cards.scryfall.io/normal/front/b/a/bab93474-2f98-49a1-874f-b794bf81bd0c.jpg,https://storage.googleapis.com/archidekt-card-images/tmc/72e637db-7112-406f-809b-0eda248488b5_art_crop.jpg,#07130e,
49293f77-5d7b-4106-b485-db6ce0ed37e6,"Raph & Leo, Sibling Rivals",Creature,{1}{R/W}{R/W},WhiteRed,"Whenever Raph & Leo attack, if it's the first combat phase of the turn, untap one or two target attacking creatures. After this phase, there is an additional combat phase.",2,4,false,false,,deck,https://cards.scryfall.io/normal/front/4/9/49293f77-5d7b-4106-b485-db6ce0ed37e6.jpg,https://storage.googleapis.com/archidekt-card-images/tmc/72e637db-7112-406f-809b-0eda248488b5_art_crop.jpg,#07130e,
fd3a5465-074a-4688-b79b-68e232076581,Splinter's Technique,Sorcery,{3}{B},Black,"Sneak {1}{B} (You may cast this spell for {1}{B} if you also return an unblocked attacker you control to hand during the declare blockers step.)
Search your library for a card, put that card into your hand, then shuffle.",,,false,false,,deck,https://cards.scryfall.io/normal/front/f/d/fd3a5465-074a-4688-b79b-68e232076581.jpg,https://storage.googleapis.com/archidekt-card-images/tmc/72e637db-7112-406f-809b-0eda248488b5_art_crop.jpg,#07130e,
6353df1a-9a1b-41fd-985b-8c8acba36c23,"Mikey & Don, Party Planners",Creature,{2}{G/U}{G/U},GreenBlue,"Ward {2}
You may look at the top card of your library any time.
You may play lands and cast Mutant, Ninja, or Turtle spells from the top of your library. If you cast a creature spell this way, that creature enters with an additional +1/+1 counter on it.",3,3,false,false,,deck,https://cards.scryfall.io/normal/front/6/3/6353df1a-9a1b-41fd-985b-8c8acba36c23.jpg,https://storage.googleapis.com/archidekt-card-images/tmc/72e637db-7112-406f-809b-0eda248488b5_art_crop.jpg,#07130e,
3f631a24-4d71-400c-a58d-ae91e193db2e,Trouble in Pairs,Enchantment,{2}{W}{W},White,"If an opponent would begin an extra turn, that player skips that turn instead.
Whenever an opponent attacks you with two or more creatures, draws their second card each turn, or casts their second spell each turn, you draw a card.",,,false,false,,deck,https://cards.scryfall.io/normal/front/3/f/3f631a24-4d71-400c-a58d-ae91e193db2e.jpg,https://storage.googleapis.com/archidekt-card-images/tmc/72e637db-7112-406f-809b-0eda248488b5_art_crop.jpg,#07130e,
b1f6b5b5-12ca-468d-bc53-dd0cde60e7b6,"Leatherhead, Swamp Stalker",Creature,{2}{G}{G},Green,"Trample
Leatherhead enters with a hexproof counter on her.
Whenever Leatherhead deals combat damage to a player, you may remove a counter from her. When you do, destroy target artifact or enchantment that player controls.",5,4,false,false,,deck,https://cards.scryfall.io/normal/front/b/1/b1f6b5b5-12ca-468d-bc53-dd0cde60e7b6.jpg,https://storage.googleapis.com/archidekt-card-images/tmc/72e637db-7112-406f-809b-0eda248488b5_art_crop.jpg,#07130e,
1f9bd4da-4626-40ba-95f4-14e3de36f989,The Ooze,Artifact,{2},,"Whenever a creature you control with a +1/+1 counter on it leaves the battlefield, create a Mutagen token for each +1/+1 counter on it. (A Mutagen token is an artifact with ""{1}, {T}, Sacrifice this token: Put a +1/+1 counter on target creature. Activate only as a sorcery."")
{T}: Exile target card from a graveyard. Create a Mutagen token.",,,false,false,,deck,https://cards.scryfall.io/normal/front/1/f/1f9bd4da-4626-40ba-95f4-14e3de36f989.jpg,https://storage.googleapis.com/archidekt-card-images/tmc/72e637db-7112-406f-809b-0eda248488b5_art_crop.jpg,#07130e,
f0db974a-3289-4727-9aaf-e9cca9113c87,Turtles Forever,Instant,{3}{W},White,"Search your library and/or outside the game for exactly four legendary creature cards you own with different names, then reveal those cards. An opponent chooses two of them. Put the chosen cards into your hand and shuffle the rest into your library.",,,false,false,,deck,https://cards.scryfall.io/normal/front/f/0/f0db974a-3289-4727-9aaf-e9cca9113c87.jpg,https://storage.googleapis.com/archidekt-card-images/tmc/72e637db-7112-406f-809b-0eda248488b5_art_crop.jpg,#07130e,
99a24349-7d11-421b-a161-c1edbb8f53b1,Shredder's Technique,Sorcery,{2}{B},Black,"Sneak {B} (You may cast this spell for {B} if you also return an unblocked attacker you control to hand during the declare blockers step.)
Destroy target creature or enchantment. If an enchantment was destroyed this way, you lose 2 life.",,,false,false,,deck,https://cards.scryfall.io/normal/front/9/9/99a24349-7d11-421b-a161-c1edbb8f53b1.jpg,https://storage.googleapis.com/archidekt-card-images/tmc/72e637db-7112-406f-809b-0eda248488b5_art_crop.jpg,#07130e,
774716f4-d211-497a-be91-69cd700edbf2,"Donatello, the Brains",Creature,{2}{U},Blue,"If one or more tokens would be created under your control, those tokens plus a Mutagen token are created instead.
Partner—Character select (You can have two commanders if both have this ability.)",2,4,true,true,,commander_pile,https://cards.scryfall.io/normal/front/7/7/774716f4-d211-497a-be91-69cd700edbf2.jpg,https://storage.googleapis.com/archidekt-card-images/tmc/72e637db-7112-406f-809b-0eda248488b5_art_crop.jpg,#07130e,
ae0397e7-796b-412b-afec-d22759b610db,Path to Exile,Instant,{W},White,"Exile target creature. Its controller may search their library for a basic land card, put that card onto the battlefield tapped, then shuffle.",,,false,false,,deck,https://cards.scryfall.io/normal/front/a/e/ae0397e7-796b-412b-afec-d22759b610db.jpg,https://storage.googleapis.com/archidekt-card-images/tmc/72e637db-7112-406f-809b-0eda248488b5_art_crop.jpg,#07130e,
52d58fe4-6070-4022-9cd7-c35a11b44525,Negate,Instant,{1}{U},Blue,Counter target noncreature spell.,,,false,false,,deck,https://cards.scryfall.io/normal/front/5/2/52d58fe4-6070-4022-9cd7-c35a11b44525.jpg,https://storage.googleapis.com/archidekt-card-images/tmc/72e637db-7112-406f-809b-0eda248488b5_art_crop.jpg,#07130e,
02f7281f-b50c-4a1c-a2fc-3caeb6ab7d41,"Michelangelo, Mutant BFF",Creature,{2}{G}{G},Green,"Each creature you control with a counter on it can't be blocked by more than one creature.
Whenever Michelangelo enters or attacks, create a Mutagen token. (It's an artifact with ""{1}, {T}, Sacrifice this token: Put a +1/+1 counter on target creature. Activate only as a sorcery."")",4,4,false,false,,deck,https://cards.scryfall.io/normal/front/0/2/02f7281f-b50c-4a1c-a2fc-3caeb6ab7d41.jpg,https://storage.googleapis.com/archidekt-card-images/tmc/72e637db-7112-406f-809b-0eda248488b5_art_crop.jpg,#07130e,
6af50b50-3776-4383-b493-7c5dd732c965,"Raphael, the Nightwatcher",Creature,{2}{R}{R},Red,"Sneak {1}{R}{R} (You may cast this spell for {1}{R}{R} if you also return an unblocked attacker you control to hand during the declare blockers step. He enters tapped and attacking.)
Attacking creatures you control have double strike.",2,3,false,false,,deck,https://cards.scryfall.io/normal/front/6/a/6af50b50-3776-4383-b493-7c5dd732c965.jpg,https://storage.googleapis.com/archidekt-card-images/tmc/72e637db-7112-406f-809b-0eda248488b5_art_crop.jpg,#07130e,
41f1503b-b056-4f7c-94a1-1e6d78eb209b,"Mona Lisa, Ever Adaptable",Creature,{3}{G},Green,"Whenever a player casts a creature spell, you create a Mutagen token. (It's an artifact with ""{1}, {T}, Sacrifice this token: Put a +1/+1 counter on target creature. Activate only as a sorcery."")",4,4,false,false,,deck,https://cards.scryfall.io/normal/front/4/1/41f1503b-b056-4f7c-94a1-1e6d78eb209b.jpg,https://storage.googleapis.com/archidekt-card-images/tmc/72e637db-7112-406f-809b-0eda248488b5_art_crop.jpg,#07130e,
405e4057-e26c-4882-89a9-706868548c37,Leonardo's Technique,Sorcery,{3}{W},White,"Sneak {1}{W} (You may cast this spell for {1}{W} if you also return an unblocked attacker you control to hand during the declare blockers step.)
Return one or two target creature cards each with mana value 3 or less from your graveyard to the battlefield.",,,false,false,,deck,https://cards.scryfall.io/normal/front/4/0/405e4057-e26c-4882-89a9-706868548c37.jpg,https://storage.googleapis.com/archidekt-card-images/tmc/72e637db-7112-406f-809b-0eda248488b5_art_crop.jpg,#07130e,
faad0c3b-9963-4493-ad53-af68e3b5cd2c,Hardened Scales,Enchantment,{G},Green,"If one or more +1/+1 counters would be put on a creature you control, that many plus one +1/+1 counters are put on it instead.",,,false,false,,deck,https://cards.scryfall.io/normal/front/f/a/faad0c3b-9963-4493-ad53-af68e3b5cd2c.jpg,https://storage.googleapis.com/archidekt-card-images/tmc/72e637db-7112-406f-809b-0eda248488b5_art_crop.jpg,#07130e,
72e637db-7112-406f-809b-0eda248488b5,"Leonardo, the Balance",Creature,{3}{W},White,"Whenever a token you control enters, you may put a +1/+1 counter on each creature you control. Do this only once each turn.
{W}{U}{B}{R}{G}: Creatures you control gain menace, trample, and lifelink until end of turn.
Partner—Character select (You can have two commanders if both have this ability.)",3,3,true,true,,commander_pile,https://cards.scryfall.io/normal/front/7/2/72e637db-7112-406f-809b-0eda248488b5.jpg,https://storage.googleapis.com/archidekt-card-images/tmc/72e637db-7112-406f-809b-0eda248488b5_art_crop.jpg,#07130e,
66081fd3-2457-4602-96c4-3075ddfec1c2,Ice Cream Kitty,Creature,{1}{B/G},GreenBlack,"{2}, Sacrifice another creature or token: Draw a card. Activate only as a sorcery.
{2}, {T}, Sacrifice this creature: You gain 3 life.",1,3,false,false,,deck,https://cards.scryfall.io/normal/front/6/6/66081fd3-2457-4602-96c4-3075ddfec1c2.jpg,https://storage.googleapis.com/archidekt-card-images/tmc/72e637db-7112-406f-809b-0eda248488b5_art_crop.jpg,#07130e,
1515eed9-3b21-42f0-ab57-de5df19317af,"Old Hob, Alleycat Blues",Creature,{4}{R},Red,"At the beginning of combat on your turn, create a 2/2 red Mutant creature token. It gains haste until end of turn. Destroy it at the beginning of the next end step.
{1}{W}: Target attacking creature token gains indestructible until end of turn.",4,4,false,false,,deck,https://cards.scryfall.io/normal/front/1/5/1515eed9-3b21-42f0-ab57-de5df19317af.jpg,https://storage.googleapis.com/archidekt-card-images/tmc/72e637db-7112-406f-809b-0eda248488b5_art_crop.jpg,#07130e,
fcb59b16-3d76-478e-9306-969dd2cb1b5a,"Venus, Torn Between Worlds",Creature,{4}{G},Green,"Whenever Venus is dealt damage, put that many +1/+1 counters on her. (She must survive the damage to get the counters.)
Whenever a creature you control with a counter on it deals combat damage to a player, you may pay {U}. If you do, draw a card.",5,5,false,false,,deck,https://cards.scryfall.io/normal/front/f/c/fcb59b16-3d76-478e-9306-969dd2cb1b5a.jpg,https://storage.googleapis.com/archidekt-card-images/tmc/72e637db-7112-406f-809b-0eda248488b5_art_crop.jpg,#07130e,
fa684608-ecd3-43e2-99a1-71318f133e29,Tainted Treats,Instant,{1}{B}{G},GreenBlack,"Destroy target artifact or creature. If its mana value was 4 or less, create a Food token. (It's an artifact with ""{2}, {T}, Sacrifice this token: You gain 3 life."")",,,false,false,,deck,https://cards.scryfall.io/normal/front/f/a/fa684608-ecd3-43e2-99a1-71318f133e29.jpg,https://storage.googleapis.com/archidekt-card-images/tmc/72e637db-7112-406f-809b-0eda248488b5_art_crop.jpg,#07130e,
f1616a07-e4a1-4574-b341-d6b31d76b3c5,New Generation's Technique,Sorcery,{3}{G},Green,"Sneak {2}{G} (You may cast this spell for {2}{G} if you also return an unblocked attacker you control to hand during the declare blockers step.)
Search your library for up to two basic land cards, put them onto the battlefield tapped, then shuffle.",,,false,false,,deck,https://cards.scryfall.io/normal/front/f/1/f1616a07-e4a1-4574-b341-d6b31d76b3c5.jpg,https://storage.googleapis.com/archidekt-card-images/tmc/72e637db-7112-406f-809b-0eda248488b5_art_crop.jpg,#07130e,
